﻿{"frames": {

"Symbol 3 instance 10000":
{
	"frame": {"x":0,"y":0,"w":418,"h":418},
	"rotated": false,
	"trimmed": false,
	"spriteSourceSize": {"x":0,"y":0,"w":418,"h":418},
	"sourceSize": {"w":418,"h":418}
},
"Symbol 3 instance 10001":
{
	"frame": {"x":418,"y":0,"w":418,"h":418},
	"rotated": false,
	"trimmed": false,
	"spriteSourceSize": {"x":0,"y":0,"w":418,"h":418},
	"sourceSize": {"w":418,"h":418}
},
"Symbol 3 instance 10002":
{
	"frame": {"x":836,"y":0,"w":418,"h":418},
	"rotated": false,
	"trimmed": false,
	"spriteSourceSize": {"x":0,"y":0,"w":418,"h":418},
	"sourceSize": {"w":418,"h":418}
},
"Symbol 3 instance 10003":
{
	"frame": {"x":1254,"y":0,"w":418,"h":418},
	"rotated": false,
	"trimmed": false,
	"spriteSourceSize": {"x":0,"y":0,"w":418,"h":418},
	"sourceSize": {"w":418,"h":418}
},
"Symbol 3 instance 10004":
{
	"frame": {"x":0,"y":418,"w":418,"h":418},
	"rotated": false,
	"trimmed": false,
	"spriteSourceSize": {"x":0,"y":0,"w":418,"h":418},
	"sourceSize": {"w":418,"h":418}
},
"Symbol 3 instance 10005":
{
	"frame": {"x":418,"y":418,"w":418,"h":418},
	"rotated": false,
	"trimmed": false,
	"spriteSourceSize": {"x":0,"y":0,"w":418,"h":418},
	"sourceSize": {"w":418,"h":418}
},
"Symbol 3 instance 10006":
{
	"frame": {"x":836,"y":418,"w":418,"h":418},
	"rotated": false,
	"trimmed": false,
	"spriteSourceSize": {"x":0,"y":0,"w":418,"h":418},
	"sourceSize": {"w":418,"h":418}
},
"Symbol 3 instance 10007":
{
	"frame": {"x":1254,"y":418,"w":418,"h":418},
	"rotated": false,
	"trimmed": false,
	"spriteSourceSize": {"x":0,"y":0,"w":418,"h":418},
	"sourceSize": {"w":418,"h":418}
},
"Symbol 3 instance 10008":
{
	"frame": {"x":0,"y":836,"w":418,"h":418},
	"rotated": false,
	"trimmed": false,
	"spriteSourceSize": {"x":0,"y":0,"w":418,"h":418},
	"sourceSize": {"w":418,"h":418}
},
"Symbol 3 instance 10009":
{
	"frame": {"x":418,"y":836,"w":418,"h":418},
	"rotated": false,
	"trimmed": false,
	"spriteSourceSize": {"x":0,"y":0,"w":418,"h":418},
	"sourceSize": {"w":418,"h":418}
}},
"meta": {
	"app": "Adobe Animate",
	"version": "20.0.1.19255",
	"image": "ChoiceImages1.png",
	"format": "RGBA8888",
	"size": {"w":2048,"h":2048},
	"scale": "1"
}
}
